{
  "gain_pct": 5.527003765106201,
  "eur_per_day": 716.2865772843361,
  "tco2_per_day": 4.133996817469597,
  "constraint_satisfaction_rate_pct": 96.31599187850952,
  "gain_objective_ok": true
}