{
  "gain_pct": 5.527003765106201,
  "usd_per_day": 773.5895034670829,
  "tco2_per_day": 4.133996817469597,
  "constraint_satisfaction_rate_pct": 96.31599187850952,
  "gain_objective_ok": true
}