{
  "gru_residual": 231.93251308058467,
  "dense_ae": 2.1134209632873535,
  "conv_ae": 0.7477734088897705,
  "lstm_ae": 1.2781739234924316,
  "vae": 1.9335612058639526
}