{
  "gru_residual": 231.94665696978802,
  "dense_ae": 1.2752712965011597,
  "conv_ae": 0.7749118804931641,
  "lstm_ae": 1.013533592224121,
  "vae": 2.884608030319214
}